Date,Quantity,UnitPrice,Sales,CustomerID,State,ReviewStatus,ReviewPoints,OrderDate,ShipDate
12-07-2022,4,356,1424,CUST8569,Tamil Nadu,FALSE,5,10-07-2022,17-07-2022
09-03-2023,1,401,401,CUST6810,Kerala,TRUE,8,06-03-2023,11-03-2023
03-01-2023,8,163,1304,CUST7912,Gujarat,,9,25-12-2022,04-01-2023
01-10-2022,9,1245,11205,CUST6214,Delhi,,7,30-09-2022,08-10-2022
04-02-2023,12,608,7296,CUST2735,Punjab,TRUE,7,28-01-2023,10-02-2023
17-08-2022,15,1140,17100,CUST9317,Maharashtra,TRUE,6,13-08-2022,19-08-2022
20-03-2022,6,391,2346,CUST4147,Tamil Nadu,,1,15-03-2022,27-03-2022
09-06-2022,19,1735,32965,CUST2607,Maharashtra,FALSE,10,30-05-2022,14-06-2022
25-07-2022,15,950,14250,CUST9549,Delhi,FALSE,10,24-07-2022,26-07-2022
11-07-2022,19,1192,22648,CUST3430,Gujarat,FALSE,6,04-07-2022,13-07-2022
29-07-2022,7,1714,11998,CUST6044,Gujarat,,5,23-07-2022,02-08-2022
31-03-2022,20,127,2540,CUST7434,Gujarat,TRUE,2,26-03-2022,06-04-2022
19-09-2022,3,1274,3822,CUST3084,Gujarat,TRUE,9,10-09-2022,21-09-2022
01-08-2022,5,1389,6945,CUST8054,Rajasthan,,8,30-07-2022,08-08-2022
03-12-2022,12,685,8220,CUST6099,Kerala,,10,02-12-2022,04-12-2022
25-05-2022,6,939,5634,CUST5108,Delhi,,10,20-05-2022,28-05-2022
25-09-2023,8,335,2680,CUST8171,Kerala,FALSE,9,19-09-2023,01-10-2023
25-03-2022,2,978,1956,CUST8882,Kerala,TRUE,4,24-03-2022,27-03-2022
17-06-2022,17,1858,31586,CUST9141,Karnataka,,8,12-06-2022,20-06-2022
18-07-2022,11,1588,17468,CUST2895,Kerala,,7,09-07-2022,22-07-2022
20-09-2023,10,1942,19420,CUST4455,Delhi,TRUE,3,13-09-2023,24-09-2023
19-02-2023,8,1743,13944,CUST7533,Gujarat,FALSE,9,18-02-2023,21-02-2023
06-08-2022,15,1942,29130,CUST7610,Karnataka,FALSE,10,02-08-2022,13-08-2022
14-02-2022,13,1009,13117,CUST5470,Karnataka,TRUE,,13-02-2022,19-02-2022
13-01-2023,11,1008,11088,CUST7137,Karnataka,TRUE,4,06-01-2023,14-01-2023
21-04-2023,18,611,10998,CUST7347,Maharashtra,FALSE,1,18-04-2023,23-04-2023
29-05-2022,1,1424,1424,CUST1161,Tamil Nadu,TRUE,3,27-05-2022,31-05-2022
21-05-2023,17,789,13413,CUST2511,Maharashtra,TRUE,5,18-05-2023,24-05-2023
18-07-2022,8,1711,13688,CUST2044,Punjab,,6,14-07-2022,24-07-2022
16-04-2023,5,1139,5695,CUST6847,Kerala,,2,09-04-2023,22-04-2023
10-03-2023,1,1357,1357,CUST7183,Gujarat,TRUE,10,08-03-2023,11-03-2023
08-02-2023,1,1712,1712,CUST2066,Rajasthan,,,04-02-2023,13-02-2023
25-01-2023,18,1160,20880,CUST9257,Rajasthan,TRUE,,22-01-2023,26-01-2023
13-06-2023,1,243,243,CUST7371,Delhi,TRUE,5,04-06-2023,17-06-2023
23-08-2022,19,634,12046,CUST3871,Karnataka,,1,15-08-2022,28-08-2022
23-04-2023,17,849,14433,CUST2957,Gujarat,FALSE,5,21-04-2023,28-04-2023
07-06-2022,14,1024,14336,CUST3143,Maharashtra,TRUE,10,01-06-2022,09-06-2022
31-08-2023,17,1988,33796,CUST4463,Delhi,TRUE,,22-08-2023,01-09-2023
24-10-2023,16,1523,24368,CUST1668,Rajasthan,TRUE,,21-10-2023,25-10-2023
24-10-2023,1,1181,1181,CUST5979,Rajasthan,TRUE,2,16-10-2023,30-10-2023
30-05-2022,13,262,3406,CUST9170,Maharashtra,FALSE,10,29-05-2022,01-06-2022
28-01-2023,6,710,4260,CUST6628,Tamil Nadu,,8,21-01-2023,02-02-2023
23-07-2022,4,907,3628,CUST6510,Gujarat,TRUE,2,20-07-2022,26-07-2022
01-09-2022,4,139,556,CUST5798,Kerala,FALSE,7,22-08-2022,07-09-2022
26-03-2022,19,491,9329,CUST3996,Maharashtra,TRUE,,19-03-2022,29-03-2022
19-07-2023,13,1226,15938,CUST3507,Delhi,,10,15-07-2023,22-07-2023
04-05-2023,18,331,5958,CUST5643,Kerala,FALSE,9,29-04-2023,08-05-2023
07-03-2023,10,1813,18130,CUST5677,Delhi,FALSE,6,27-02-2023,08-03-2023
03-04-2023,8,582,4656,CUST6151,Rajasthan,,2,31-03-2023,04-04-2023
26-07-2023,13,1647,21411,CUST6240,Kerala,FALSE,,21-07-2023,01-08-2023
04-04-2022,10,884,8840,CUST1471,Kerala,,3,03-04-2022,05-04-2022
22-01-2022,4,1911,7644,CUST2086,Tamil Nadu,TRUE,10,13-01-2022,27-01-2022
07-06-2023,12,1819,21828,CUST6910,Punjab,,2,06-06-2023,12-06-2023
01-05-2022,3,1533,4599,CUST6610,Karnataka,FALSE,8,24-04-2022,06-05-2022
24-10-2022,19,399,7581,CUST2368,Maharashtra,FALSE,3,15-10-2022,30-10-2022
03-06-2023,19,1563,29697,CUST6909,Delhi,,5,25-05-2023,10-06-2023
01-10-2023,18,894,16092,CUST1046,Maharashtra,TRUE,8,22-09-2023,06-10-2023
09-02-2022,20,1463,29260,CUST1791,Delhi,FALSE,2,02-02-2022,13-02-2022
29-05-2022,15,1267,19005,CUST9458,Rajasthan,TRUE,2,22-05-2022,30-05-2022
03-03-2023,7,470,3290,CUST1890,Kerala,,1,22-02-2023,10-03-2023
19-11-2023,7,343,2401,CUST3940,Tamil Nadu,FALSE,8,14-11-2023,24-11-2023
31-01-2023,15,1884,28260,CUST5821,Delhi,TRUE,,31-01-2023,05-02-2023
12-01-2023,15,231,3465,CUST1309,Kerala,FALSE,2,06-01-2023,13-01-2023
25-04-2022,12,1742,20904,CUST5309,Delhi,TRUE,6,22-04-2022,30-04-2022
04-10-2022,1,873,873,CUST2889,Karnataka,,,28-09-2022,10-10-2022
15-09-2023,15,1130,16950,CUST9095,Karnataka,FALSE,7,10-09-2023,17-09-2023
13-02-2023,16,1152,18432,CUST2643,Punjab,,5,07-02-2023,17-02-2023
31-07-2023,7,344,2408,CUST2033,Karnataka,FALSE,8,28-07-2023,06-08-2023
23-03-2022,6,111,666,CUST7727,Karnataka,,5,18-03-2022,28-03-2022
19-03-2023,16,767,12272,CUST4551,Karnataka,FALSE,6,19-03-2023,24-03-2023
01-10-2023,5,1610,8050,CUST9454,Delhi,TRUE,,28-09-2023,04-10-2023
19-04-2022,11,713,7843,CUST8884,Punjab,,,14-04-2022,24-04-2022
18-03-2023,19,1078,20482,CUST5541,Tamil Nadu,TRUE,,11-03-2023,25-03-2023
10-10-2023,18,342,6156,CUST1767,Rajasthan,FALSE,1,05-10-2023,16-10-2023
13-04-2023,11,1485,16335,CUST7110,Rajasthan,,7,11-04-2023,19-04-2023
07-03-2022,19,1469,27911,CUST2516,Delhi,FALSE,5,27-02-2022,08-03-2022
23-02-2023,3,317,951,CUST8665,Tamil Nadu,TRUE,9,19-02-2023,01-03-2023
24-10-2022,2,825,1650,CUST4025,Punjab,FALSE,6,15-10-2022,26-10-2022
23-05-2023,20,1383,27660,CUST7056,Rajasthan,FALSE,9,22-05-2023,28-05-2023
05-09-2023,20,1529,30580,CUST4669,Delhi,TRUE,6,26-08-2023,11-09-2023
14-06-2023,2,952,1904,CUST4942,Punjab,,7,10-06-2023,18-06-2023
04-11-2023,4,1391,5564,CUST6532,Gujarat,,3,02-11-2023,06-11-2023
10-03-2023,5,227,1135,CUST8203,Delhi,TRUE,10,09-03-2023,11-03-2023
14-01-2022,11,1404,15444,CUST1734,Rajasthan,FALSE,10,13-01-2022,17-01-2022
31-12-2022,11,488,5368,CUST1137,Punjab,,10,23-12-2022,01-01-2023
03-08-2023,20,672,13440,CUST7775,Karnataka,,4,27-07-2023,06-08-2023
18-11-2023,12,1379,16548,CUST7047,Punjab,FALSE,8,12-11-2023,25-11-2023
30-10-2022,16,244,3904,CUST4048,Delhi,TRUE,5,20-10-2022,31-10-2022
16-05-2022,8,354,2832,CUST5546,Rajasthan,TRUE,2,06-05-2022,18-05-2022
04-02-2023,7,1241,8687,CUST1223,Karnataka,TRUE,6,30-01-2023,05-02-2023
05-11-2022,9,374,3366,CUST5053,Tamil Nadu,TRUE,1,28-10-2022,10-11-2022
21-09-2023,9,1964,17676,CUST1461,Tamil Nadu,TRUE,7,11-09-2023,24-09-2023
26-07-2023,5,1949,9745,CUST9635,Kerala,FALSE,1,21-07-2023,01-08-2023
25-03-2022,10,1144,11440,CUST1085,Gujarat,FALSE,3,22-03-2022,26-03-2022
09-06-2022,9,392,3528,CUST4068,Gujarat,,3,03-06-2022,15-06-2022
27-07-2023,10,1168,11680,CUST9590,Kerala,,1,25-07-2023,30-07-2023
12-10-2022,19,1716,32604,CUST7416,Delhi,TRUE,1,09-10-2022,16-10-2022
28-06-2022,7,439,3073,CUST5019,Delhi,FALSE,5,18-06-2022,03-07-2022
06-01-2023,14,256,3584,CUST3132,Tamil Nadu,,3,04-01-2023,08-01-2023
03-06-2022,13,1828,23764,CUST3891,Kerala,,10,01-06-2022,10-06-2022
26-01-2022,3,465,1395,CUST9678,Gujarat,TRUE,1,24-01-2022,29-01-2022
09-06-2023,2,522,1044,CUST2464,Karnataka,,3,04-06-2023,13-06-2023
08-02-2023,5,496,2480,CUST2171,Gujarat,,10,03-02-2023,15-02-2023
20-08-2022,19,519,9861,CUST4978,Kerala,FALSE,5,19-08-2022,27-08-2022
01-02-2022,8,285,2280,CUST6634,Delhi,,8,26-01-2022,04-02-2022
01-12-2022,18,1220,21960,CUST4220,Kerala,,6,23-11-2022,08-12-2022
26-06-2022,16,1861,29776,CUST3929,Delhi,FALSE,3,17-06-2022,01-07-2022
13-06-2022,14,461,6454,CUST7202,Punjab,FALSE,,09-06-2022,20-06-2022
13-06-2023,19,1470,27930,CUST7034,Kerala,FALSE,5,13-06-2023,14-06-2023
15-06-2023,6,1872,11232,CUST9841,Tamil Nadu,FALSE,3,15-06-2023,18-06-2023
19-05-2023,4,570,2280,CUST7709,Delhi,FALSE,,09-05-2023,25-05-2023
21-09-2023,2,757,1514,CUST3898,Punjab,TRUE,9,12-09-2023,22-09-2023
13-12-2022,19,1036,19684,CUST8551,Kerala,FALSE,2,05-12-2022,19-12-2022
18-11-2023,12,1164,13968,CUST9451,Rajasthan,TRUE,2,10-11-2023,24-11-2023
31-12-2022,8,1599,12792,CUST8960,Karnataka,,8,28-12-2022,04-01-2023
15-01-2022,14,1328,18592,CUST9196,Gujarat,FALSE,,11-01-2022,19-01-2022
20-10-2023,17,1612,27404,CUST3004,Tamil Nadu,FALSE,2,19-10-2023,26-10-2023
25-08-2022,6,1843,11058,CUST9624,Punjab,FALSE,9,24-08-2022,31-08-2022
26-12-2022,17,1555,26435,CUST1352,Tamil Nadu,,9,18-12-2022,02-01-2023
26-04-2023,1,1978,1978,CUST3393,Kerala,TRUE,4,21-04-2023,30-04-2023
10-06-2022,11,1703,18733,CUST5757,Maharashtra,TRUE,1,10-06-2022,14-06-2022
22-07-2023,18,1591,28638,CUST3851,Karnataka,TRUE,4,21-07-2023,29-07-2023
02-08-2022,20,1571,31420,CUST2991,Gujarat,TRUE,10,26-07-2022,08-08-2022
21-04-2022,19,713,13547,CUST9235,Gujarat,,3,18-04-2022,28-04-2022
30-10-2022,12,624,7488,CUST9898,Gujarat,,5,21-10-2022,02-11-2022
08-08-2022,17,917,15589,CUST5647,Tamil Nadu,,3,29-07-2022,13-08-2022
05-11-2022,18,1481,26658,CUST9782,Delhi,TRUE,8,29-10-2022,06-11-2022
06-08-2023,4,1873,7492,CUST4695,Maharashtra,,9,27-07-2023,12-08-2023
12-11-2023,1,930,930,CUST2917,Karnataka,,9,05-11-2023,16-11-2023
28-03-2023,15,1512,22680,CUST7971,Kerala,TRUE,2,27-03-2023,03-04-2023
14-07-2022,10,514,5140,CUST7427,Kerala,TRUE,4,13-07-2022,19-07-2022
17-05-2023,8,647,5176,CUST5761,Gujarat,,6,09-05-2023,18-05-2023
13-06-2023,12,166,1992,CUST3348,Rajasthan,FALSE,4,05-06-2023,17-06-2023
22-09-2022,20,822,16440,CUST2588,Kerala,FALSE,7,16-09-2022,26-09-2022
19-01-2023,8,631,5048,CUST1458,Maharashtra,,1,13-01-2023,21-01-2023
03-03-2022,1,1511,1511,CUST8156,Rajasthan,FALSE,8,21-02-2022,10-03-2022
24-05-2023,13,1197,15561,CUST2042,Gujarat,,3,21-05-2023,27-05-2023
09-08-2023,2,523,1046,CUST2953,Delhi,,9,06-08-2023,16-08-2023
08-04-2022,2,1393,2786,CUST3092,Tamil Nadu,TRUE,2,03-04-2022,15-04-2022
10-02-2023,6,1454,8724,CUST6951,Rajasthan,FALSE,10,10-02-2023,14-02-2023
29-10-2022,20,339,6780,CUST6114,Rajasthan,FALSE,,27-10-2022,04-11-2022
25-02-2023,20,710,14200,CUST4315,Gujarat,FALSE,3,24-02-2023,03-03-2023
22-08-2022,7,797,5579,CUST3145,Punjab,,4,15-08-2022,26-08-2022
08-08-2023,7,977,6839,CUST1399,Rajasthan,FALSE,8,31-07-2023,11-08-2023
31-12-2022,12,1074,12888,CUST9741,Kerala,,8,22-12-2022,04-01-2023
08-02-2023,9,791,7119,CUST6234,Maharashtra,,1,04-02-2023,14-02-2023
05-02-2022,13,1827,23751,CUST9325,Rajasthan,TRUE,6,28-01-2022,09-02-2022
03-10-2023,6,1560,9360,CUST8245,Kerala,FALSE,4,29-09-2023,06-10-2023
02-08-2023,10,1849,18490,CUST5611,Rajasthan,TRUE,,31-07-2023,09-08-2023
24-06-2023,4,746,2984,CUST1873,Karnataka,FALSE,4,23-06-2023,01-07-2023
09-09-2022,15,180,2700,CUST7561,Karnataka,,,31-08-2022,12-09-2022
25-03-2023,6,1014,6084,CUST8930,Karnataka,FALSE,5,25-03-2023,30-03-2023
01-07-2022,17,157,2669,CUST6627,Punjab,,8,22-06-2022,02-07-2022
14-11-2022,8,348,2784,CUST5785,Kerala,FALSE,4,14-11-2022,15-11-2022
03-09-2023,18,107,1926,CUST3918,Maharashtra,TRUE,9,02-09-2023,09-09-2023
08-01-2022,6,1813,10878,CUST6303,Punjab,TRUE,4,08-01-2022,10-01-2022
05-04-2022,5,1381,6905,CUST3063,Maharashtra,,8,02-04-2022,10-04-2022
01-01-2023,17,1661,28237,CUST2452,Kerala,TRUE,6,30-12-2022,06-01-2023
03-07-2023,5,1048,5240,CUST5135,Gujarat,FALSE,9,29-06-2023,05-07-2023
14-12-2022,9,1964,17676,CUST2129,Kerala,FALSE,5,13-12-2022,19-12-2022
25-11-2022,9,1043,9387,CUST2539,Rajasthan,FALSE,6,16-11-2022,02-12-2022
02-11-2023,19,724,13756,CUST8243,Gujarat,FALSE,10,02-11-2023,09-11-2023
22-03-2023,13,1718,22334,CUST8161,Punjab,TRUE,4,17-03-2023,23-03-2023
13-05-2023,6,735,4410,CUST6357,Maharashtra,FALSE,10,11-05-2023,14-05-2023
14-08-2022,7,1626,11382,CUST1852,Rajasthan,,,05-08-2022,18-08-2022
19-10-2022,10,475,4750,CUST8946,Punjab,TRUE,7,11-10-2022,22-10-2022
13-10-2022,1,1067,1067,CUST4883,Rajasthan,FALSE,,08-10-2022,18-10-2022
18-05-2023,6,1335,8010,CUST1487,Delhi,,5,14-05-2023,23-05-2023
13-05-2022,8,532,4256,CUST3023,Gujarat,TRUE,4,05-05-2022,18-05-2022
07-09-2022,5,609,3045,CUST5023,Karnataka,,7,04-09-2022,09-09-2022
18-11-2023,2,748,1496,CUST9145,Delhi,TRUE,9,10-11-2023,23-11-2023
26-11-2023,2,1474,2948,CUST7645,Delhi,FALSE,6,18-11-2023,29-11-2023
02-09-2022,6,595,3570,CUST3830,Kerala,,2,28-08-2022,08-09-2022
24-08-2023,8,916,7328,CUST8087,Maharashtra,FALSE,,17-08-2023,29-08-2023
09-04-2022,17,234,3978,CUST3839,Tamil Nadu,,5,01-04-2022,14-04-2022
28-06-2023,13,1498,19474,CUST7791,Gujarat,TRUE,5,19-06-2023,29-06-2023
02-01-2023,6,227,1362,CUST3616,Rajasthan,,8,29-12-2022,04-01-2023
07-04-2023,11,1263,13893,CUST2576,Gujarat,TRUE,1,31-03-2023,12-04-2023
14-01-2023,17,1811,30787,CUST8036,Punjab,,4,09-01-2023,20-01-2023
17-02-2022,10,1632,16320,CUST1638,Rajasthan,,5,11-02-2022,23-02-2022
10-06-2023,1,409,409,CUST1583,Punjab,FALSE,4,08-06-2023,12-06-2023
06-07-2022,4,1530,6120,CUST1629,Rajasthan,FALSE,5,01-07-2022,09-07-2022
21-09-2022,5,235,1175,CUST8650,Kerala,TRUE,9,17-09-2022,27-09-2022
22-12-2022,3,1242,3726,CUST2950,Maharashtra,,2,14-12-2022,24-12-2022
07-03-2023,14,921,12894,CUST6588,Punjab,FALSE,6,27-02-2023,14-03-2023
08-10-2022,17,1861,31637,CUST6745,Maharashtra,TRUE,3,04-10-2022,15-10-2022
17-10-2023,15,218,3270,CUST1036,Gujarat,,7,09-10-2023,20-10-2023
20-02-2022,7,966,6762,CUST2753,Kerala,,5,19-02-2022,23-02-2022
04-10-2023,9,1755,15795,CUST1687,Karnataka,FALSE,5,30-09-2023,06-10-2023
03-08-2022,19,912,17328,CUST9545,Maharashtra,FALSE,8,25-07-2022,10-08-2022
04-01-2022,8,844,6752,CUST8450,Tamil Nadu,,10,29-12-2021,11-01-2022
19-10-2022,3,1048,3144,CUST1286,Punjab,TRUE,4,13-10-2022,21-10-2022
20-12-2022,17,1015,17255,CUST3753,Karnataka,FALSE,8,11-12-2022,24-12-2022
07-04-2022,9,1556,14004,CUST4519,Kerala,FALSE,2,06-04-2022,09-04-2022
08-11-2022,8,465,3720,CUST1615,Rajasthan,,2,31-10-2022,11-11-2022
21-10-2023,15,1672,25080,CUST5778,Delhi,TRUE,3,18-10-2023,22-10-2023
08-02-2022,17,1157,19669,CUST6763,Punjab,,4,07-02-2022,14-02-2022
27-12-2022,7,1371,9597,CUST6256,Maharashtra,TRUE,9,24-12-2022,31-12-2022
17-08-2023,5,524,2620,CUST3474,Punjab,FALSE,6,16-08-2023,20-08-2023
25-03-2023,11,324,3564,CUST5852,Kerala,,10,16-03-2023,26-03-2023
11-04-2023,20,782,15640,CUST4822,Maharashtra,,1,03-04-2023,13-04-2023
06-03-2022,16,1262,20192,CUST2219,Karnataka,FALSE,2,01-03-2022,09-03-2022
27-10-2022,10,920,9200,CUST3650,Maharashtra,,1,27-10-2022,01-11-2022
20-07-2023,10,1912,19120,CUST5744,Karnataka,TRUE,9,20-07-2023,25-07-2023
09-03-2022,18,1439,25902,CUST9135,Kerala,FALSE,10,28-02-2022,13-03-2022
08-07-2023,5,1953,9765,CUST5603,Kerala,FALSE,6,08-07-2023,13-07-2023
20-03-2023,13,1968,25584,CUST7318,Punjab,FALSE,1,12-03-2023,21-03-2023
20-10-2023,13,784,10192,CUST5484,Rajasthan,,,19-10-2023,27-10-2023
23-09-2022,9,554,4986,CUST5814,Delhi,TRUE,7,22-09-2022,26-09-2022
31-03-2022,16,1847,29552,CUST3587,Tamil Nadu,FALSE,3,25-03-2022,07-04-2022
18-03-2022,1,1198,1198,CUST1003,Punjab,TRUE,,13-03-2022,23-03-2022
27-03-2022,16,1962,31392,CUST5097,Tamil Nadu,FALSE,5,20-03-2022,29-03-2022
09-08-2022,8,1319,10552,CUST2890,Gujarat,,7,07-08-2022,12-08-2022
20-10-2022,10,1899,18990,CUST5037,Karnataka,,4,20-10-2022,25-10-2022
10-02-2022,4,1751,7004,CUST8724,Kerala,,9,31-01-2022,15-02-2022
15-02-2023,12,800,9600,CUST2364,Punjab,FALSE,7,10-02-2023,19-02-2023
16-09-2022,2,1510,3020,CUST8153,Maharashtra,FALSE,8,11-09-2022,21-09-2022
28-05-2023,16,571,9136,CUST8806,Gujarat,FALSE,2,24-05-2023,29-05-2023
09-06-2022,3,404,1212,CUST8176,Kerala,FALSE,8,04-06-2022,14-06-2022
10-06-2023,3,1448,4344,CUST6240,Maharashtra,FALSE,2,31-05-2023,14-06-2023
14-06-2022,11,1110,12210,CUST9178,Gujarat,,8,13-06-2022,19-06-2022
14-09-2023,4,554,2216,CUST7237,Maharashtra,FALSE,5,04-09-2023,19-09-2023
27-06-2022,10,1145,11450,CUST8357,Tamil Nadu,FALSE,4,21-06-2022,01-07-2022
07-05-2022,19,808,15352,CUST3032,Karnataka,,3,03-05-2022,10-05-2022
17-12-2022,8,1115,8920,CUST3529,Karnataka,TRUE,10,07-12-2022,21-12-2022
05-06-2023,9,1527,13743,CUST9347,Rajasthan,TRUE,9,27-05-2023,06-06-2023
01-12-2022,7,1833,12831,CUST1032,Delhi,,10,26-11-2022,05-12-2022
08-04-2023,3,1116,3348,CUST1768,Punjab,,4,03-04-2023,13-04-2023
23-06-2022,4,105,420,CUST4855,Delhi,,8,18-06-2022,28-06-2022
20-08-2022,8,1973,15784,CUST9036,Kerala,TRUE,2,10-08-2022,24-08-2022
10-03-2023,2,1807,3614,CUST6425,Maharashtra,TRUE,9,05-03-2023,15-03-2023
08-09-2022,9,1744,15696,CUST2249,Kerala,FALSE,3,01-09-2022,13-09-2022
16-09-2022,8,1070,8560,CUST5683,Gujarat,TRUE,5,10-09-2022,19-09-2022
08-03-2023,6,635,3810,CUST2958,Maharashtra,TRUE,8,27-02-2023,10-03-2023
20-08-2023,13,1919,24947,CUST8636,Kerala,,,16-08-2023,27-08-2023
12-11-2022,10,420,4200,CUST5281,Maharashtra,FALSE,4,07-11-2022,13-11-2022
12-07-2022,8,571,4568,CUST1226,Maharashtra,,5,04-07-2022,19-07-2022
24-01-2022,9,1575,14175,CUST5508,Rajasthan,FALSE,4,14-01-2022,30-01-2022
02-12-2023,15,761,11415,CUST4256,Karnataka,FALSE,8,26-11-2023,04-12-2023
20-09-2022,20,1301,26020,CUST9486,Karnataka,,,12-09-2022,22-09-2022
12-08-2023,15,1200,18000,CUST8478,Karnataka,TRUE,10,11-08-2023,17-08-2023
09-03-2023,20,1046,20920,CUST9747,Maharashtra,TRUE,4,05-03-2023,16-03-2023
05-08-2023,1,1107,1107,CUST7337,Rajasthan,FALSE,,30-07-2023,09-08-2023
16-04-2023,13,1498,19474,CUST4486,Delhi,,6,10-04-2023,17-04-2023
27-12-2022,10,1126,11260,CUST3828,Maharashtra,TRUE,8,19-12-2022,03-01-2023
11-10-2022,2,1330,2660,CUST2716,Gujarat,TRUE,10,11-10-2022,17-10-2022
22-08-2023,20,1699,33980,CUST1188,Rajasthan,FALSE,,20-08-2023,26-08-2023
24-10-2022,6,1773,10638,CUST4015,Rajasthan,,3,19-10-2022,28-10-2022
12-02-2023,20,1890,37800,CUST8600,Gujarat,,5,09-02-2023,14-02-2023
21-09-2023,8,556,4448,CUST4111,Rajasthan,FALSE,1,12-09-2023,23-09-2023
13-11-2022,3,1431,4293,CUST7492,Tamil Nadu,,6,05-11-2022,20-11-2022
05-11-2022,9,607,5463,CUST5700,Karnataka,,4,04-11-2022,07-11-2022
15-12-2022,19,1424,27056,CUST5217,Punjab,FALSE,7,05-12-2022,18-12-2022
04-07-2022,3,1046,3138,CUST1201,Rajasthan,FALSE,2,29-06-2022,11-07-2022
03-08-2022,3,870,2610,CUST9695,Gujarat,TRUE,9,31-07-2022,08-08-2022
05-06-2022,9,502,4518,CUST9915,Karnataka,TRUE,1,29-05-2022,09-06-2022
30-03-2023,14,404,5656,CUST6882,Tamil Nadu,FALSE,5,28-03-2023,06-04-2023
16-11-2022,3,1856,5568,CUST3513,Karnataka,FALSE,2,16-11-2022,21-11-2022
27-12-2022,20,1073,21460,CUST2851,Tamil Nadu,FALSE,8,24-12-2022,03-01-2023
13-01-2023,12,1769,21228,CUST2647,Rajasthan,FALSE,7,09-01-2023,20-01-2023
08-07-2022,7,1397,9779,CUST4608,Karnataka,,8,05-07-2022,13-07-2022
15-11-2022,11,1628,17908,CUST4038,Rajasthan,,8,07-11-2022,19-11-2022
19-05-2023,18,1280,23040,CUST7270,Delhi,,3,09-05-2023,26-05-2023
13-04-2022,4,1810,7240,CUST7440,Delhi,,7,05-04-2022,16-04-2022
27-11-2023,13,160,2080,CUST3850,Punjab,FALSE,1,25-11-2023,04-12-2023
10-04-2022,20,1012,20240,CUST3357,Punjab,FALSE,1,03-04-2022,15-04-2022
23-11-2023,16,418,6688,CUST4776,Rajasthan,,1,15-11-2023,26-11-2023
23-10-2022,7,1602,11214,CUST6394,Tamil Nadu,,6,17-10-2022,28-10-2022
25-05-2022,18,902,16236,CUST2599,Kerala,,1,15-05-2022,27-05-2022
10-08-2023,17,1743,29631,CUST7671,Rajasthan,TRUE,9,04-08-2023,11-08-2023
25-02-2022,9,546,4914,CUST3007,Karnataka,TRUE,8,25-02-2022,28-02-2022
10-04-2023,15,826,12390,CUST8804,Punjab,TRUE,1,04-04-2023,14-04-2023
24-11-2022,9,1808,16272,CUST5987,Delhi,FALSE,10,14-11-2022,25-11-2022
15-10-2023,16,422,6752,CUST9632,Rajasthan,TRUE,8,06-10-2023,21-10-2023
12-07-2022,3,1533,4599,CUST4035,Gujarat,TRUE,7,10-07-2022,13-07-2022
11-06-2022,3,1924,5772,CUST6417,Delhi,TRUE,8,04-06-2022,12-06-2022
11-02-2022,7,1922,13454,CUST2757,Tamil Nadu,FALSE,8,04-02-2022,17-02-2022
24-06-2022,16,963,15408,CUST6688,Punjab,FALSE,10,17-06-2022,01-07-2022
30-09-2022,16,1223,19568,CUST9376,Tamil Nadu,TRUE,1,30-09-2022,02-10-2022
09-02-2022,6,957,5742,CUST5012,Gujarat,,2,31-01-2022,10-02-2022
31-01-2022,4,253,1012,CUST2310,Rajasthan,,3,29-01-2022,02-02-2022
29-10-2023,1,670,670,CUST3071,Punjab,TRUE,10,20-10-2023,31-10-2023
18-09-2023,2,699,1398,CUST2479,Rajasthan,,3,14-09-2023,23-09-2023
28-08-2022,15,118,1770,CUST1488,Maharashtra,TRUE,7,24-08-2022,29-08-2022
28-05-2023,20,1270,25400,CUST9243,Tamil Nadu,TRUE,2,23-05-2023,03-06-2023
18-08-2023,14,599,8386,CUST6875,Delhi,FALSE,7,13-08-2023,24-08-2023
17-11-2023,20,1627,32540,CUST3647,Maharashtra,FALSE,10,14-11-2023,18-11-2023
29-04-2023,16,838,13408,CUST8948,Karnataka,,2,26-04-2023,03-05-2023
18-02-2023,1,675,675,CUST5155,Tamil Nadu,TRUE,6,18-02-2023,20-02-2023
09-03-2022,10,1684,16840,CUST7533,Karnataka,TRUE,3,28-02-2022,12-03-2022
14-12-2022,6,1612,9672,CUST8170,Tamil Nadu,TRUE,10,10-12-2022,21-12-2022
19-07-2022,8,1949,15592,CUST1462,Karnataka,,4,19-07-2022,22-07-2022
04-03-2022,7,1201,8407,CUST3740,Delhi,,1,04-03-2022,08-03-2022
27-08-2022,12,1266,15192,CUST7245,Tamil Nadu,TRUE,10,24-08-2022,03-09-2022
04-07-2022,16,1070,17120,CUST5547,Punjab,FALSE,6,02-07-2022,11-07-2022
19-02-2022,17,1114,18938,CUST6573,Punjab,FALSE,5,18-02-2022,26-02-2022
12-03-2023,11,1794,19734,CUST6550,Kerala,,7,02-03-2023,19-03-2023
04-11-2022,20,1400,28000,CUST6614,Delhi,TRUE,3,03-11-2022,11-11-2022
17-07-2023,14,1981,27734,CUST8397,Karnataka,,5,08-07-2023,24-07-2023
30-09-2022,19,603,11457,CUST1597,Kerala,FALSE,,24-09-2022,02-10-2022
15-09-2022,3,862,2586,CUST3282,Maharashtra,FALSE,7,06-09-2022,17-09-2022
29-10-2022,17,1321,22457,CUST5140,Maharashtra,FALSE,,23-10-2022,03-11-2022
01-02-2023,2,997,1994,CUST7115,Punjab,,2,30-01-2023,02-02-2023
12-05-2022,2,299,598,CUST8994,Kerala,FALSE,10,04-05-2022,19-05-2022
10-04-2022,18,1060,19080,CUST3370,Tamil Nadu,FALSE,,09-04-2022,17-04-2022
10-08-2023,12,1445,17340,CUST7086,Punjab,FALSE,7,01-08-2023,15-08-2023
08-11-2022,14,1441,20174,CUST9116,Kerala,,1,29-10-2022,14-11-2022
29-11-2022,15,191,2865,CUST4662,Karnataka,FALSE,3,23-11-2022,06-12-2022
29-06-2022,13,1323,17199,CUST2195,Kerala,TRUE,1,20-06-2022,05-07-2022
20-02-2022,16,1212,19392,CUST4502,Punjab,TRUE,6,13-02-2022,24-02-2022
01-12-2022,20,1112,22240,CUST6549,Gujarat,FALSE,2,23-11-2022,05-12-2022
24-10-2022,3,1690,5070,CUST3419,Delhi,FALSE,10,19-10-2022,27-10-2022
30-10-2022,9,555,4995,CUST4031,Rajasthan,TRUE,10,23-10-2022,03-11-2022
21-09-2023,2,277,554,CUST4898,Karnataka,TRUE,9,16-09-2023,27-09-2023
01-06-2023,10,706,7060,CUST8341,Rajasthan,TRUE,10,29-05-2023,07-06-2023
23-04-2023,9,640,5760,CUST1892,Kerala,FALSE,8,21-04-2023,27-04-2023
17-11-2022,19,1776,33744,CUST7102,Punjab,FALSE,6,13-11-2022,21-11-2022
16-09-2022,7,456,3192,CUST2509,Punjab,TRUE,2,10-09-2022,23-09-2022
06-07-2023,10,666,6660,CUST4332,Tamil Nadu,,6,30-06-2023,13-07-2023
18-03-2023,6,1554,9324,CUST7395,Tamil Nadu,FALSE,,10-03-2023,21-03-2023
15-11-2022,4,658,2632,CUST4121,Kerala,,,12-11-2022,20-11-2022
01-05-2023,6,1985,11910,CUST6148,Maharashtra,FALSE,8,30-04-2023,02-05-2023
17-01-2022,13,1337,17381,CUST3521,Maharashtra,,9,09-01-2022,23-01-2022
17-04-2022,6,1286,7716,CUST7254,Rajasthan,,5,13-04-2022,21-04-2022
09-09-2023,18,182,3276,CUST3888,Punjab,TRUE,4,06-09-2023,16-09-2023
14-04-2022,12,1483,17796,CUST1957,Tamil Nadu,,9,13-04-2022,21-04-2022
31-05-2023,9,1026,9234,CUST7677,Gujarat,,9,25-05-2023,07-06-2023
27-01-2023,9,741,6669,CUST2770,Gujarat,,6,27-01-2023,01-02-2023
11-07-2023,13,166,2158,CUST2897,Karnataka,TRUE,,06-07-2023,18-07-2023
23-04-2023,19,1300,24700,CUST6234,Punjab,FALSE,9,13-04-2023,25-04-2023
01-10-2022,8,761,6088,CUST1568,Delhi,,5,29-09-2022,06-10-2022
28-08-2022,10,429,4290,CUST6795,Delhi,FALSE,6,27-08-2022,02-09-2022
06-08-2022,11,157,1727,CUST8431,Rajasthan,FALSE,9,05-08-2022,07-08-2022
20-06-2022,8,1769,14152,CUST3771,Delhi,FALSE,4,16-06-2022,21-06-2022
17-03-2023,20,1564,31280,CUST5714,Kerala,FALSE,10,17-03-2023,23-03-2023
06-08-2023,16,108,1728,CUST1694,Kerala,TRUE,10,06-08-2023,10-08-2023
06-03-2023,18,454,8172,CUST6525,Punjab,,2,02-03-2023,11-03-2023
04-01-2022,5,884,4420,CUST9757,Punjab,TRUE,3,28-12-2021,05-01-2022
19-04-2022,9,719,6471,CUST2223,Karnataka,,10,09-04-2022,24-04-2022
23-01-2022,14,1852,25928,CUST4713,Gujarat,,5,18-01-2022,29-01-2022
29-10-2022,1,1601,1601,CUST8768,Rajasthan,FALSE,4,19-10-2022,04-11-2022
13-01-2023,7,740,5180,CUST6006,Karnataka,FALSE,9,05-01-2023,15-01-2023
11-03-2023,3,635,1905,CUST2182,Karnataka,,6,02-03-2023,14-03-2023
16-07-2022,13,1213,15769,CUST5193,Gujarat,,7,12-07-2022,21-07-2022
30-05-2022,1,681,681,CUST7887,Karnataka,,6,28-05-2022,06-06-2022
12-07-2022,8,544,4352,CUST7544,Rajasthan,,,12-07-2022,17-07-2022
07-02-2022,16,672,10752,CUST9552,Maharashtra,,8,05-02-2022,14-02-2022
26-03-2022,19,895,17005,CUST4681,Rajasthan,,10,24-03-2022,30-03-2022
11-07-2023,3,343,1029,CUST5241,Kerala,TRUE,,08-07-2023,14-07-2023
03-03-2022,2,191,382,CUST5935,Kerala,FALSE,5,21-02-2022,08-03-2022
11-08-2023,13,750,9750,CUST4654,Gujarat,FALSE,7,10-08-2023,12-08-2023
24-05-2023,18,1231,22158,CUST7626,Kerala,TRUE,6,23-05-2023,25-05-2023
28-10-2023,8,1098,8784,CUST6041,Punjab,TRUE,2,23-10-2023,02-11-2023
04-11-2022,5,929,4645,CUST4379,Tamil Nadu,FALSE,6,01-11-2022,10-11-2022
04-01-2022,11,1379,15169,CUST5552,Kerala,FALSE,,30-12-2021,05-01-2022
13-05-2022,18,244,4392,CUST7603,Karnataka,TRUE,10,06-05-2022,14-05-2022
07-01-2023,1,1763,1763,CUST4743,Punjab,TRUE,2,02-01-2023,11-01-2023
12-05-2022,5,1612,8060,CUST9387,Punjab,,7,06-05-2022,19-05-2022
15-05-2022,1,1030,1030,CUST4613,Karnataka,,8,12-05-2022,16-05-2022
04-02-2022,16,145,2320,CUST3790,Delhi,,2,26-01-2022,08-02-2022
02-12-2022,9,1287,11583,CUST2359,Gujarat,FALSE,6,29-11-2022,04-12-2022
02-12-2023,9,162,1458,CUST9577,Maharashtra,,8,26-11-2023,03-12-2023
23-11-2023,8,1962,15696,CUST3656,Maharashtra,TRUE,,16-11-2023,25-11-2023
15-05-2023,17,547,9299,CUST6846,Tamil Nadu,FALSE,10,08-05-2023,19-05-2023
19-08-2022,13,655,8515,CUST7727,Punjab,TRUE,8,10-08-2022,24-08-2022
17-07-2022,13,1026,13338,CUST8334,Kerala,FALSE,5,13-07-2022,21-07-2022
21-10-2023,17,654,11118,CUST2498,Maharashtra,TRUE,10,19-10-2023,27-10-2023
04-05-2023,1,425,425,CUST9226,Karnataka,FALSE,7,04-05-2023,06-05-2023
15-07-2022,16,1578,25248,CUST7454,Maharashtra,,1,11-07-2022,17-07-2022
27-12-2022,7,965,6755,CUST3221,Karnataka,,6,18-12-2022,28-12-2022
20-09-2022,10,405,4050,CUST2685,Delhi,FALSE,3,14-09-2022,22-09-2022
07-12-2022,7,623,4361,CUST3472,Punjab,TRUE,8,05-12-2022,14-12-2022
05-10-2023,1,923,923,CUST8649,Karnataka,,1,04-10-2023,12-10-2023
31-10-2022,12,1548,18576,CUST9312,Karnataka,TRUE,2,26-10-2022,01-11-2022
01-06-2022,1,259,259,CUST1713,Karnataka,TRUE,6,29-05-2022,02-06-2022
21-09-2022,15,1685,25275,CUST4071,Gujarat,TRUE,,13-09-2022,22-09-2022
09-12-2022,4,682,2728,CUST2902,Delhi,FALSE,5,02-12-2022,16-12-2022
01-12-2023,10,963,9630,CUST7913,Karnataka,,10,21-11-2023,04-12-2023
05-06-2022,17,1903,32351,CUST4100,Punjab,TRUE,1,31-05-2022,06-06-2022
11-03-2022,15,119,1785,CUST3366,Delhi,,8,10-03-2022,16-03-2022
18-05-2022,4,1831,7324,CUST6725,Kerala,,9,14-05-2022,24-05-2022
30-05-2022,14,654,9156,CUST7605,Gujarat,,3,30-05-2022,04-06-2022
26-05-2023,5,776,3880,CUST8430,Rajasthan,FALSE,8,21-05-2023,27-05-2023
18-04-2023,20,688,13760,CUST6211,Punjab,,5,12-04-2023,23-04-2023
02-04-2023,4,1429,5716,CUST8728,Rajasthan,,1,02-04-2023,03-04-2023
14-01-2022,12,905,10860,CUST8653,Rajasthan,FALSE,7,10-01-2022,21-01-2022
16-06-2023,6,1946,11676,CUST4892,Gujarat,FALSE,8,10-06-2023,17-06-2023
12-09-2022,12,1073,12876,CUST4831,Kerala,TRUE,9,05-09-2022,16-09-2022
11-07-2023,7,220,1540,CUST7190,Delhi,,10,07-07-2023,18-07-2023
02-04-2023,14,1835,25690,CUST7026,Maharashtra,FALSE,8,27-03-2023,04-04-2023
27-09-2023,9,1477,13293,CUST5517,Delhi,TRUE,3,19-09-2023,28-09-2023
16-10-2022,20,1892,37840,CUST8383,Rajasthan,,9,09-10-2022,22-10-2022
24-10-2022,7,1566,10962,CUST4751,Kerala,FALSE,5,19-10-2022,27-10-2022
03-08-2022,6,1497,8982,CUST2660,Maharashtra,FALSE,3,01-08-2022,06-08-2022
07-10-2022,11,327,3597,CUST6945,Tamil Nadu,FALSE,9,03-10-2022,14-10-2022
25-10-2023,16,341,5456,CUST4978,Maharashtra,TRUE,6,20-10-2023,29-10-2023
26-12-2022,15,498,7470,CUST2457,Gujarat,,5,22-12-2022,27-12-2022
08-08-2022,8,755,6040,CUST6326,Karnataka,FALSE,6,08-08-2022,10-08-2022
15-03-2023,7,1274,8918,CUST4340,Kerala,,8,05-03-2023,21-03-2023
02-05-2023,1,1252,1252,CUST7769,Gujarat,FALSE,9,30-04-2023,06-05-2023
12-10-2023,11,1955,21505,CUST2418,Maharashtra,,5,12-10-2023,13-10-2023
18-01-2022,6,840,5040,CUST6761,Kerala,,3,11-01-2022,21-01-2022
04-07-2022,12,673,8076,CUST5719,Delhi,TRUE,4,28-06-2022,07-07-2022
02-09-2022,13,1950,25350,CUST9788,Rajasthan,TRUE,6,31-08-2022,07-09-2022
31-01-2022,6,552,3312,CUST9215,Punjab,,3,21-01-2022,05-02-2022
11-11-2022,13,648,8424,CUST3252,Gujarat,TRUE,10,06-11-2022,17-11-2022
10-07-2023,12,427,5124,CUST6827,Gujarat,FALSE,,02-07-2023,15-07-2023
01-02-2022,3,717,2151,CUST8660,Delhi,FALSE,10,31-01-2022,06-02-2022
12-04-2022,18,1350,24300,CUST1062,Maharashtra,FALSE,10,12-04-2022,14-04-2022
25-06-2023,9,1530,13770,CUST9862,Gujarat,TRUE,6,16-06-2023,29-06-2023
09-11-2022,20,1081,21620,CUST9121,Maharashtra,,10,03-11-2022,10-11-2022
02-02-2023,17,1667,28339,CUST5052,Kerala,FALSE,5,01-02-2023,05-02-2023
01-09-2023,1,379,379,CUST8582,Karnataka,,,01-09-2023,04-09-2023
21-11-2023,7,690,4830,CUST4596,Delhi,TRUE,3,16-11-2023,26-11-2023
09-05-2023,3,293,879,CUST5191,Punjab,FALSE,7,01-05-2023,14-05-2023
22-08-2022,11,1525,16775,CUST1050,Rajasthan,FALSE,5,12-08-2022,24-08-2022
20-04-2023,17,1237,21029,CUST2818,Maharashtra,TRUE,3,17-04-2023,22-04-2023
16-03-2022,4,858,3432,CUST8642,Maharashtra,,5,09-03-2022,17-03-2022
14-05-2022,17,994,16898,CUST9306,Karnataka,TRUE,7,12-05-2022,19-05-2022
07-11-2023,19,690,13110,CUST7879,Rajasthan,TRUE,4,03-11-2023,09-11-2023
24-10-2023,3,1232,3696,CUST3415,Karnataka,FALSE,8,21-10-2023,30-10-2023
10-06-2023,5,991,4955,CUST7024,Tamil Nadu,,6,08-06-2023,17-06-2023
06-07-2023,5,248,1240,CUST9269,Gujarat,FALSE,1,02-07-2023,07-07-2023
01-05-2022,4,1640,6560,CUST7338,Kerala,FALSE,4,01-05-2022,04-05-2022
03-05-2023,11,832,9152,CUST9134,Delhi,FALSE,7,30-04-2023,09-05-2023
16-05-2022,3,622,1866,CUST5273,Punjab,FALSE,8,09-05-2022,19-05-2022
02-08-2023,6,1490,8940,CUST9637,Maharashtra,,4,26-07-2023,04-08-2023
30-11-2022,9,1064,9576,CUST9070,Delhi,FALSE,10,28-11-2022,02-12-2022
12-09-2022,16,794,12704,CUST3901,Delhi,,9,11-09-2022,17-09-2022
15-01-2023,8,1578,12624,CUST9199,Punjab,TRUE,7,06-01-2023,16-01-2023
19-09-2023,19,967,18373,CUST7267,Tamil Nadu,,8,14-09-2023,20-09-2023
16-09-2022,5,634,3170,CUST1212,Kerala,FALSE,,07-09-2022,19-09-2022
04-03-2022,3,1607,4821,CUST2875,Delhi,,10,28-02-2022,06-03-2022
29-08-2023,12,400,4800,CUST7319,Tamil Nadu,,4,22-08-2023,04-09-2023
14-01-2023,15,1395,20925,CUST7880,Maharashtra,FALSE,5,07-01-2023,21-01-2023
13-04-2023,8,303,2424,CUST9941,Delhi,TRUE,9,11-04-2023,17-04-2023
17-03-2022,4,1314,5256,CUST1541,Punjab,,2,16-03-2022,18-03-2022
05-05-2022,18,1395,25110,CUST4969,Kerala,TRUE,1,02-05-2022,06-05-2022
18-04-2023,16,996,15936,CUST9564,Karnataka,TRUE,2,13-04-2023,21-04-2023
25-02-2022,4,1503,6012,CUST3411,Kerala,TRUE,9,16-02-2022,26-02-2022
20-10-2023,5,1338,6690,CUST2749,Gujarat,FALSE,2,19-10-2023,21-10-2023
12-02-2023,10,935,9350,CUST4387,Maharashtra,TRUE,1,08-02-2023,15-02-2023
24-11-2022,6,409,2454,CUST3691,Kerala,,,23-11-2022,26-11-2022
29-11-2022,20,326,6520,CUST2402,Kerala,FALSE,3,26-11-2022,03-12-2022
17-07-2023,19,235,4465,CUST4063,Gujarat,FALSE,2,10-07-2023,23-07-2023
18-04-2023,12,225,2700,CUST7397,Maharashtra,TRUE,9,15-04-2023,20-04-2023
29-07-2022,1,621,621,CUST3767,Tamil Nadu,FALSE,5,20-07-2022,01-08-2022
20-07-2022,17,1290,21930,CUST1933,Kerala,FALSE,1,13-07-2022,27-07-2022
22-03-2023,7,993,6951,CUST5137,Kerala,,10,12-03-2023,29-03-2023
10-11-2022,1,1114,1114,CUST7673,Karnataka,TRUE,8,09-11-2022,13-11-2022
26-09-2023,11,1632,17952,CUST9064,Rajasthan,,6,18-09-2023,27-09-2023
09-09-2022,17,860,14620,CUST2014,Tamil Nadu,TRUE,2,31-08-2022,16-09-2022
21-11-2023,9,461,4149,CUST9101,Gujarat,,3,11-11-2023,22-11-2023
15-11-2023,20,868,17360,CUST9329,Punjab,FALSE,10,06-11-2023,18-11-2023
04-07-2023,6,529,3174,CUST5086,Rajasthan,FALSE,5,28-06-2023,10-07-2023
24-03-2022,3,1397,4191,CUST8002,Tamil Nadu,,8,24-03-2022,29-03-2022
30-10-2022,6,252,1512,CUST7281,Kerala,TRUE,9,23-10-2022,06-11-2022
29-04-2023,18,329,5922,CUST6836,Delhi,,5,28-04-2023,06-05-2023
05-06-2023,19,954,18126,CUST2918,Kerala,FALSE,1,05-06-2023,06-06-2023
28-08-2022,1,707,707,CUST7131,Punjab,FALSE,3,23-08-2022,30-08-2022
15-03-2022,7,929,6503,CUST1395,Delhi,,6,13-03-2022,22-03-2022
05-01-2022,9,718,6462,CUST2904,Maharashtra,FALSE,9,26-12-2021,12-01-2022
17-02-2023,17,604,10268,CUST4492,Gujarat,TRUE,7,16-02-2023,24-02-2023
02-04-2022,10,261,2610,CUST6981,Kerala,TRUE,1,30-03-2022,05-04-2022
16-03-2023,8,1321,10568,CUST1439,Rajasthan,TRUE,1,10-03-2023,17-03-2023
15-08-2023,1,1357,1357,CUST7768,Karnataka,FALSE,5,08-08-2023,22-08-2023
29-07-2022,18,1718,30924,CUST7545,Kerala,FALSE,8,25-07-2022,05-08-2022
30-07-2023,4,705,2820,CUST2065,Karnataka,TRUE,,30-07-2023,02-08-2023
14-12-2022,8,1791,14328,CUST5842,Maharashtra,TRUE,9,06-12-2022,17-12-2022
16-04-2023,9,1410,12690,CUST3745,Kerala,TRUE,6,08-04-2023,20-04-2023
03-03-2022,15,1075,16125,CUST1194,Tamil Nadu,,10,01-03-2022,08-03-2022
22-08-2022,13,840,10920,CUST7826,Tamil Nadu,FALSE,5,17-08-2022,25-08-2022
05-10-2022,15,363,5445,CUST7517,Gujarat,FALSE,3,04-10-2022,11-10-2022
09-06-2023,17,288,4896,CUST3941,Karnataka,,9,06-06-2023,12-06-2023
23-08-2022,19,293,5567,CUST2776,Kerala,TRUE,9,21-08-2022,29-08-2022
02-10-2023,19,1064,20216,CUST2974,Delhi,FALSE,7,01-10-2023,06-10-2023
26-11-2023,19,869,16511,CUST3748,Rajasthan,TRUE,9,20-11-2023,02-12-2023
16-12-2022,1,714,714,CUST1378,Tamil Nadu,FALSE,5,16-12-2022,19-12-2022
16-09-2022,15,662,9930,CUST2589,Kerala,,9,09-09-2022,18-09-2022
22-10-2022,5,361,1805,CUST2489,Kerala,FALSE,7,21-10-2022,24-10-2022
02-09-2023,20,1144,22880,CUST2226,Karnataka,,,24-08-2023,06-09-2023
24-07-2022,14,1140,15960,CUST4710,Kerala,TRUE,3,23-07-2022,25-07-2022
05-06-2023,18,1840,33120,CUST3308,Gujarat,FALSE,4,05-06-2023,11-06-2023
07-11-2022,8,1787,14296,CUST6467,Maharashtra,TRUE,6,01-11-2022,10-11-2022
20-10-2023,9,702,6318,CUST7234,Delhi,,5,13-10-2023,24-10-2023
12-04-2022,16,163,2608,CUST2888,Karnataka,FALSE,3,09-04-2022,19-04-2022
12-07-2022,17,316,5372,CUST1463,Punjab,,5,12-07-2022,17-07-2022
21-04-2022,10,623,6230,CUST3930,Gujarat,FALSE,7,15-04-2022,25-04-2022
07-11-2023,14,1068,14952,CUST8766,Punjab,,9,28-10-2023,14-11-2023
31-08-2022,7,1187,8309,CUST1528,Delhi,FALSE,4,21-08-2022,06-09-2022
11-01-2022,18,1126,20268,CUST9279,Punjab,FALSE,7,01-01-2022,17-01-2022
05-01-2023,17,1669,28373,CUST5775,Delhi,TRUE,,04-01-2023,06-01-2023
21-05-2022,1,1637,1637,CUST1321,Punjab,TRUE,,15-05-2022,24-05-2022
21-06-2023,6,986,5916,CUST4000,Punjab,FALSE,1,18-06-2023,23-06-2023
30-08-2022,12,141,1692,CUST8470,Rajasthan,TRUE,6,24-08-2022,03-09-2022
10-09-2023,5,1721,8605,CUST3236,Kerala,FALSE,8,10-09-2023,17-09-2023
27-05-2023,6,1434,8604,CUST9652,Punjab,FALSE,2,25-05-2023,31-05-2023
11-06-2023,5,1497,7485,CUST4415,Rajasthan,FALSE,2,03-06-2023,14-06-2023
09-08-2023,14,1688,23632,CUST4738,Punjab,,1,04-08-2023,11-08-2023
26-05-2022,20,1751,35020,CUST4968,Punjab,FALSE,9,25-05-2022,30-05-2022
17-07-2023,17,1674,28458,CUST4633,Gujarat,TRUE,5,07-07-2023,24-07-2023
30-05-2023,1,244,244,CUST5356,Delhi,FALSE,9,25-05-2023,06-06-2023
03-11-2023,19,574,10906,CUST7421,Karnataka,TRUE,8,29-10-2023,06-11-2023
30-08-2023,17,1930,32810,CUST3718,Punjab,FALSE,10,20-08-2023,03-09-2023
16-02-2023,5,930,4650,CUST5784,Tamil Nadu,FALSE,3,12-02-2023,20-02-2023
01-10-2022,5,1294,6470,CUST3882,Delhi,,8,23-09-2022,07-10-2022
16-03-2023,15,1755,26325,CUST3149,Gujarat,FALSE,2,16-03-2023,21-03-2023
20-04-2023,13,636,8268,CUST8964,Maharashtra,TRUE,6,18-04-2023,23-04-2023
23-10-2022,5,1313,6565,CUST3940,Rajasthan,FALSE,2,15-10-2022,24-10-2022
13-03-2023,15,1663,24945,CUST5100,Maharashtra,FALSE,3,10-03-2023,20-03-2023
24-09-2023,18,1776,31968,CUST4225,Delhi,,2,21-09-2023,28-09-2023
20-09-2022,19,759,14421,CUST1455,Karnataka,FALSE,,13-09-2022,24-09-2022
07-09-2023,10,343,3430,CUST2296,Delhi,,10,30-08-2023,10-09-2023
08-01-2022,8,893,7144,CUST9578,Punjab,,4,03-01-2022,11-01-2022
22-05-2022,12,1797,21564,CUST9382,Punjab,TRUE,10,13-05-2022,26-05-2022
13-12-2022,1,1323,1323,CUST4821,Maharashtra,TRUE,1,09-12-2022,19-12-2022
31-01-2023,5,281,1405,CUST7476,Kerala,,,21-01-2023,04-02-2023
14-09-2023,6,958,5748,CUST9056,Gujarat,FALSE,5,08-09-2023,18-09-2023
15-06-2023,5,679,3395,CUST7958,Tamil Nadu,,9,10-06-2023,16-06-2023
07-12-2022,15,592,8880,CUST5138,Gujarat,,7,30-11-2022,10-12-2022
17-03-2023,19,647,12293,CUST8092,Rajasthan,FALSE,9,12-03-2023,20-03-2023
28-07-2023,5,356,1780,CUST1224,Punjab,,2,28-07-2023,02-08-2023
12-03-2023,7,1950,13650,CUST3952,Delhi,,3,02-03-2023,16-03-2023
10-11-2022,2,1954,3908,CUST4883,Gujarat,TRUE,1,05-11-2022,15-11-2022
22-10-2022,19,287,5453,CUST6055,Gujarat,TRUE,7,17-10-2022,27-10-2022
30-11-2022,12,548,6576,CUST2240,Karnataka,,10,25-11-2022,01-12-2022
14-04-2023,5,1281,6405,CUST9187,Kerala,,4,09-04-2023,15-04-2023
20-01-2023,18,185,3330,CUST2500,Gujarat,,5,20-01-2023,27-01-2023
13-01-2023,8,125,1000,CUST6107,Maharashtra,,4,10-01-2023,19-01-2023
22-10-2022,10,1135,11350,CUST6408,Gujarat,FALSE,10,15-10-2022,29-10-2022
23-07-2022,9,1133,10197,CUST8820,Kerala,FALSE,1,17-07-2022,29-07-2022
14-01-2023,20,1210,24200,CUST6863,Maharashtra,,9,11-01-2023,15-01-2023
03-03-2023,17,1984,33728,CUST8439,Maharashtra,,6,21-02-2023,10-03-2023
06-06-2023,20,658,13160,CUST6226,Delhi,TRUE,2,27-05-2023,07-06-2023
08-04-2023,8,1397,11176,CUST6437,Gujarat,FALSE,4,04-04-2023,11-04-2023
11-07-2022,10,331,3310,CUST2896,Punjab,FALSE,6,11-07-2022,12-07-2022
18-06-2023,11,1361,14971,CUST8039,Kerala,FALSE,2,10-06-2023,20-06-2023
12-11-2023,4,1552,6208,CUST9529,Punjab,TRUE,10,11-11-2023,15-11-2023
19-09-2023,20,1711,34220,CUST1712,Tamil Nadu,FALSE,2,18-09-2023,26-09-2023
13-04-2022,5,1215,6075,CUST2092,Rajasthan,TRUE,2,04-04-2022,20-04-2022
12-08-2023,6,1732,10392,CUST6163,Kerala,FALSE,10,10-08-2023,14-08-2023
02-01-2023,6,1975,11850,CUST5653,Delhi,FALSE,10,26-12-2022,05-01-2023
04-10-2023,20,312,6240,CUST8913,Tamil Nadu,FALSE,9,28-09-2023,07-10-2023
30-07-2023,1,1997,1997,CUST2547,Tamil Nadu,,4,21-07-2023,01-08-2023
03-01-2023,5,105,525,CUST3123,Maharashtra,,,30-12-2022,10-01-2023
19-06-2023,9,702,6318,CUST1518,Rajasthan,FALSE,2,10-06-2023,23-06-2023
20-08-2023,18,1603,28854,CUST9940,Karnataka,TRUE,1,20-08-2023,25-08-2023
27-09-2022,5,1463,7315,CUST2180,Gujarat,TRUE,6,21-09-2022,01-10-2022
18-10-2022,14,1636,22904,CUST5517,Rajasthan,,,09-10-2022,25-10-2022
09-06-2023,12,974,11688,CUST9594,Maharashtra,TRUE,2,07-06-2023,12-06-2023
25-07-2023,12,477,5724,CUST9208,Punjab,FALSE,3,20-07-2023,26-07-2023
10-04-2023,14,981,13734,CUST8832,Gujarat,TRUE,9,31-03-2023,13-04-2023
02-02-2022,13,1785,23205,CUST7434,Rajasthan,FALSE,5,26-01-2022,05-02-2022
18-04-2023,7,1381,9667,CUST4559,Delhi,TRUE,3,14-04-2023,21-04-2023
01-06-2023,7,258,1806,CUST5701,Rajasthan,FALSE,7,28-05-2023,04-06-2023
12-02-2022,11,1639,18029,CUST8077,Rajasthan,TRUE,,02-02-2022,17-02-2022
02-10-2022,13,600,7800,CUST6998,Punjab,TRUE,,02-10-2022,07-10-2022
25-07-2023,4,805,3220,CUST1979,Delhi,,9,19-07-2023,28-07-2023
05-02-2022,7,308,2156,CUST7335,Tamil Nadu,,6,03-02-2022,06-02-2022
10-07-2022,5,1382,6910,CUST3297,Rajasthan,TRUE,,01-07-2022,13-07-2022
07-09-2023,4,1460,5840,CUST7672,Kerala,FALSE,8,02-09-2023,11-09-2023
20-02-2022,5,1246,6230,CUST8029,Maharashtra,FALSE,8,17-02-2022,21-02-2022
06-04-2023,13,1892,24596,CUST4287,Tamil Nadu,TRUE,4,01-04-2023,07-04-2023
09-02-2022,14,1989,27846,CUST1873,Maharashtra,TRUE,,01-02-2022,15-02-2022
24-04-2022,10,702,7020,CUST4508,Tamil Nadu,FALSE,5,24-04-2022,27-04-2022
28-02-2022,5,1094,5470,CUST4350,Gujarat,,6,24-02-2022,07-03-2022
16-11-2023,17,1659,28203,CUST7827,Kerala,FALSE,6,08-11-2023,23-11-2023
29-07-2023,1,368,368,CUST1668,Tamil Nadu,,3,24-07-2023,05-08-2023
29-03-2022,3,786,2358,CUST3170,Punjab,FALSE,6,22-03-2022,01-04-2022
10-10-2023,13,920,11960,CUST7543,Kerala,TRUE,8,04-10-2023,17-10-2023
26-11-2022,15,264,3960,CUST3376,Karnataka,TRUE,2,17-11-2022,27-11-2022
30-03-2022,13,1363,17719,CUST4330,Kerala,FALSE,2,27-03-2022,05-04-2022
18-11-2023,16,1792,28672,CUST3980,Kerala,,6,09-11-2023,24-11-2023
08-04-2022,10,1169,11690,CUST9915,Rajasthan,FALSE,6,08-04-2022,11-04-2022
18-09-2023,12,1454,17448,CUST3072,Punjab,,9,14-09-2023,20-09-2023
01-07-2022,16,1789,28624,CUST1488,Gujarat,TRUE,10,25-06-2022,08-07-2022
30-06-2023,4,1643,6572,CUST1278,Gujarat,TRUE,,25-06-2023,01-07-2023
06-02-2023,6,999,5994,CUST3957,Maharashtra,,7,27-01-2023,09-02-2023
06-11-2023,6,244,1464,CUST5190,Kerala,FALSE,2,01-11-2023,10-11-2023
07-04-2022,16,859,13744,CUST8891,Delhi,,1,05-04-2022,13-04-2022
18-02-2023,18,1239,22302,CUST3912,Maharashtra,FALSE,9,08-02-2023,22-02-2023
14-01-2023,17,930,15810,CUST2388,Gujarat,TRUE,7,10-01-2023,16-01-2023
05-12-2022,11,1056,11616,CUST9913,Punjab,FALSE,4,04-12-2022,11-12-2022
07-02-2023,19,1287,24453,CUST5215,Kerala,,4,07-02-2023,13-02-2023
19-09-2022,1,599,599,CUST5604,Tamil Nadu,TRUE,5,17-09-2022,25-09-2022
30-07-2022,5,1044,5220,CUST4550,Delhi,FALSE,1,28-07-2022,02-08-2022
12-04-2022,14,1097,15358,CUST1941,Karnataka,,7,10-04-2022,16-04-2022
31-03-2023,2,1970,3940,CUST7284,Punjab,,5,23-03-2023,01-04-2023
02-05-2023,7,1101,7707,CUST5814,Gujarat,FALSE,1,23-04-2023,08-05-2023
05-01-2022,17,900,15300,CUST5457,Tamil Nadu,TRUE,9,30-12-2021,12-01-2022
28-09-2023,20,620,12400,CUST4325,Tamil Nadu,FALSE,10,24-09-2023,04-10-2023
09-06-2022,8,789,6312,CUST8205,Tamil Nadu,,3,05-06-2022,10-06-2022
09-08-2022,9,1294,11646,CUST4016,Kerala,TRUE,9,06-08-2022,16-08-2022
26-01-2023,18,419,7542,CUST4304,Maharashtra,FALSE,8,21-01-2023,30-01-2023
28-01-2022,16,1255,20080,CUST1157,Tamil Nadu,FALSE,6,23-01-2022,04-02-2022
11-10-2022,15,1553,23295,CUST5470,Kerala,TRUE,5,03-10-2022,16-10-2022
04-07-2022,3,330,990,CUST1134,Tamil Nadu,TRUE,4,26-06-2022,07-07-2022
05-12-2022,13,1039,13507,CUST2355,Gujarat,,,02-12-2022,07-12-2022
16-04-2023,14,283,3962,CUST5998,Maharashtra,FALSE,5,11-04-2023,22-04-2023
26-01-2022,1,1151,1151,CUST5009,Rajasthan,FALSE,7,23-01-2022,29-01-2022
05-02-2023,2,1081,2162,CUST9052,Gujarat,TRUE,7,03-02-2023,09-02-2023
10-11-2023,6,671,4026,CUST9625,Punjab,,10,31-10-2023,14-11-2023
27-08-2023,11,1600,17600,CUST6216,Kerala,,9,20-08-2023,28-08-2023
19-09-2023,17,205,3485,CUST4780,Kerala,FALSE,4,13-09-2023,20-09-2023
05-04-2023,9,308,2772,CUST8278,Karnataka,TRUE,3,04-04-2023,07-04-2023
29-11-2022,8,126,1008,CUST2802,Gujarat,TRUE,10,23-11-2022,30-11-2022
22-04-2023,1,1990,1990,CUST1048,Rajasthan,TRUE,5,22-04-2023,25-04-2023
09-10-2023,5,1461,7305,CUST9027,Delhi,TRUE,3,04-10-2023,15-10-2023
08-07-2022,12,318,3816,CUST2519,Gujarat,FALSE,6,03-07-2022,13-07-2022
01-01-2022,20,1437,28740,CUST9813,Kerala,TRUE,7,24-12-2021,06-01-2022
16-06-2023,6,1880,11280,CUST3321,Maharashtra,,6,12-06-2023,23-06-2023
05-09-2023,3,772,2316,CUST6774,Karnataka,FALSE,8,28-08-2023,06-09-2023
16-12-2022,15,1709,25635,CUST3115,Karnataka,FALSE,1,14-12-2022,18-12-2022
09-05-2022,13,593,7709,CUST9257,Karnataka,,1,29-04-2022,12-05-2022
11-04-2022,15,625,9375,CUST3116,Delhi,FALSE,10,04-04-2022,18-04-2022
27-11-2022,8,1111,8888,CUST2881,Maharashtra,FALSE,8,25-11-2022,01-12-2022
11-12-2022,17,1406,23902,CUST3784,Kerala,,,04-12-2022,12-12-2022
06-08-2023,17,128,2176,CUST2603,Delhi,FALSE,6,28-07-2023,12-08-2023
11-08-2022,16,1917,30672,CUST4594,Gujarat,TRUE,3,11-08-2022,18-08-2022
07-10-2022,2,1396,2792,CUST6084,Tamil Nadu,FALSE,,04-10-2022,08-10-2022
21-02-2023,7,1309,9163,CUST2624,Kerala,,8,18-02-2023,27-02-2023
16-02-2023,18,184,3312,CUST9993,Tamil Nadu,,3,13-02-2023,23-02-2023
30-12-2022,15,1107,16605,CUST7823,Gujarat,TRUE,3,26-12-2022,01-01-2023
15-06-2022,17,1121,19057,CUST5465,Maharashtra,,10,10-06-2022,20-06-2022
17-05-2023,1,316,316,CUST2093,Gujarat,FALSE,,15-05-2023,18-05-2023
05-09-2023,1,1115,1115,CUST7506,Tamil Nadu,TRUE,3,03-09-2023,06-09-2023
19-05-2023,11,409,4499,CUST4912,Punjab,TRUE,7,18-05-2023,26-05-2023
31-01-2023,7,695,4865,CUST7560,Rajasthan,TRUE,8,29-01-2023,05-02-2023
20-07-2022,4,1922,7688,CUST3665,Gujarat,,4,16-07-2022,26-07-2022
11-11-2023,10,1527,15270,CUST1486,Kerala,,4,07-11-2023,15-11-2023
21-02-2023,6,1314,7884,CUST1675,Karnataka,FALSE,5,20-02-2023,26-02-2023
19-03-2023,17,1480,25160,CUST3614,Kerala,,10,12-03-2023,24-03-2023
30-03-2023,5,354,1770,CUST8063,Karnataka,,4,30-03-2023,06-04-2023
20-01-2023,2,1694,3388,CUST8737,Gujarat,FALSE,10,18-01-2023,21-01-2023
19-07-2023,3,1024,3072,CUST8761,Punjab,FALSE,,18-07-2023,25-07-2023
02-08-2022,13,220,2860,CUST8505,Gujarat,TRUE,7,28-07-2022,06-08-2022
23-08-2022,17,1846,31382,CUST7300,Kerala,FALSE,1,14-08-2022,28-08-2022
05-08-2023,15,933,13995,CUST2309,Rajasthan,FALSE,4,26-07-2023,08-08-2023
15-05-2023,7,1630,11410,CUST9127,Rajasthan,FALSE,8,15-05-2023,20-05-2023
02-03-2023,20,239,4780,CUST9030,Karnataka,TRUE,5,21-02-2023,07-03-2023
12-01-2023,16,675,10800,CUST7635,Tamil Nadu,TRUE,2,10-01-2023,13-01-2023
12-09-2023,18,1860,33480,CUST3478,Punjab,TRUE,5,11-09-2023,17-09-2023
04-05-2022,4,1196,4784,CUST1516,Tamil Nadu,FALSE,2,28-04-2022,06-05-2022
03-06-2022,5,491,2455,CUST2429,Rajasthan,,8,29-05-2022,04-06-2022
24-08-2023,4,1972,7888,CUST1543,Delhi,,2,24-08-2023,31-08-2023
28-10-2023,15,1178,17670,CUST1771,Kerala,,,22-10-2023,31-10-2023
30-11-2022,8,1130,9040,CUST5011,Tamil Nadu,TRUE,5,30-11-2022,06-12-2022
04-09-2022,14,1210,16940,CUST9918,Delhi,FALSE,,28-08-2022,08-09-2022
11-04-2022,20,423,8460,CUST5557,Maharashtra,,7,03-04-2022,15-04-2022
18-03-2022,18,1762,31716,CUST8932,Tamil Nadu,TRUE,,17-03-2022,20-03-2022
25-02-2023,1,1234,1234,CUST3051,Maharashtra,TRUE,4,20-02-2023,27-02-2023
06-02-2023,20,655,13100,CUST8651,Maharashtra,FALSE,7,28-01-2023,08-02-2023
23-07-2023,7,1829,12803,CUST9917,Gujarat,FALSE,7,18-07-2023,28-07-2023
08-06-2023,16,1251,20016,CUST9465,Rajasthan,TRUE,8,03-06-2023,13-06-2023
17-12-2022,14,503,7042,CUST1724,Rajasthan,,3,09-12-2022,19-12-2022
07-05-2023,16,1059,16944,CUST1124,Delhi,,8,30-04-2023,10-05-2023
05-03-2023,10,930,9300,CUST5466,Karnataka,TRUE,6,03-03-2023,07-03-2023
24-08-2022,19,884,16796,CUST8022,Gujarat,,,23-08-2022,26-08-2022
22-07-2022,5,867,4335,CUST7350,Delhi,FALSE,9,16-07-2022,29-07-2022
17-03-2023,10,626,6260,CUST4243,Karnataka,FALSE,5,07-03-2023,21-03-2023
07-03-2022,4,1088,4352,CUST3219,Tamil Nadu,TRUE,3,27-02-2022,08-03-2022
02-10-2022,4,1670,6680,CUST9311,Karnataka,TRUE,6,24-09-2022,07-10-2022
07-07-2022,11,1339,14729,CUST1217,Delhi,FALSE,2,05-07-2022,13-07-2022
16-05-2023,4,1871,7484,CUST4275,Kerala,,4,07-05-2023,23-05-2023
03-09-2022,16,1570,25120,CUST5873,Delhi,,6,02-09-2022,10-09-2022
19-11-2023,19,995,18905,CUST4363,Tamil Nadu,,1,18-11-2023,26-11-2023
10-03-2023,19,1320,25080,CUST1743,Rajasthan,TRUE,3,02-03-2023,15-03-2023
11-10-2023,1,1145,1145,CUST3091,Karnataka,FALSE,6,09-10-2023,14-10-2023
23-07-2022,5,1943,9715,CUST8965,Rajasthan,FALSE,5,22-07-2022,29-07-2022
29-01-2022,3,1762,5286,CUST4965,Delhi,TRUE,8,25-01-2022,02-02-2022
08-08-2023,5,1306,6530,CUST2040,Gujarat,FALSE,,04-08-2023,15-08-2023
09-09-2023,8,1342,10736,CUST1867,Tamil Nadu,TRUE,10,07-09-2023,14-09-2023
14-10-2023,14,537,7518,CUST4201,Punjab,,,04-10-2023,15-10-2023
20-06-2023,10,1444,14440,CUST1417,Tamil Nadu,,2,16-06-2023,23-06-2023
11-07-2023,5,514,2570,CUST1194,Punjab,FALSE,10,09-07-2023,15-07-2023
30-04-2023,2,568,1136,CUST8100,Maharashtra,TRUE,7,26-04-2023,02-05-2023
21-10-2023,11,1304,14344,CUST7195,Delhi,FALSE,4,17-10-2023,23-10-2023
30-05-2023,1,656,656,CUST7939,Gujarat,TRUE,9,23-05-2023,05-06-2023
22-10-2023,16,887,14192,CUST2880,Tamil Nadu,FALSE,1,15-10-2023,24-10-2023
02-01-2023,3,508,1524,CUST2425,Punjab,FALSE,,28-12-2022,08-01-2023
07-07-2022,13,1001,13013,CUST9648,Rajasthan,,5,01-07-2022,13-07-2022
21-03-2022,10,696,6960,CUST3423,Punjab,TRUE,1,15-03-2022,28-03-2022
21-09-2023,12,222,2664,CUST7464,Punjab,,,13-09-2023,22-09-2023
05-03-2023,18,1673,30114,CUST1318,Kerala,FALSE,7,02-03-2023,07-03-2023
01-08-2023,19,1566,29754,CUST4722,Punjab,,7,27-07-2023,05-08-2023
13-09-2022,11,572,6292,CUST9801,Karnataka,,6,12-09-2022,16-09-2022
23-09-2023,18,1129,20322,CUST2113,Kerala,,9,22-09-2023,26-09-2023
12-08-2023,15,1521,22815,CUST7480,Tamil Nadu,,7,03-08-2023,18-08-2023
14-08-2022,9,442,3978,CUST4332,Punjab,TRUE,2,08-08-2022,20-08-2022
29-01-2023,12,1289,15468,CUST1959,Delhi,,6,21-01-2023,03-02-2023
22-02-2022,15,584,8760,CUST9248,Gujarat,TRUE,2,22-02-2022,28-02-2022
03-02-2022,7,1587,11109,CUST7634,Kerala,,10,27-01-2022,04-02-2022
03-01-2023,9,149,1341,CUST8067,Maharashtra,,,27-12-2022,10-01-2023
12-11-2023,14,666,9324,CUST9162,Punjab,TRUE,4,10-11-2023,16-11-2023
11-02-2023,10,1435,14350,CUST4058,Kerala,,4,04-02-2023,18-02-2023
14-02-2023,20,532,10640,CUST2309,Delhi,,4,06-02-2023,20-02-2023
04-01-2023,8,1524,12192,CUST7493,Rajasthan,FALSE,10,03-01-2023,05-01-2023
23-09-2023,15,147,2205,CUST9999,Gujarat,,5,16-09-2023,26-09-2023
27-09-2022,6,881,5286,CUST3598,Punjab,,3,24-09-2022,03-10-2022
23-10-2022,4,196,784,CUST3029,Delhi,FALSE,9,14-10-2022,24-10-2022
07-04-2023,10,290,2900,CUST1796,Tamil Nadu,,6,06-04-2023,10-04-2023
24-06-2023,9,155,1395,CUST3710,Tamil Nadu,,3,14-06-2023,27-06-2023
16-03-2022,7,296,2072,CUST4194,Tamil Nadu,FALSE,8,11-03-2022,23-03-2022
24-09-2022,3,1619,4857,CUST3790,Punjab,,4,14-09-2022,01-10-2022
23-09-2022,2,508,1016,CUST8668,Tamil Nadu,FALSE,4,22-09-2022,25-09-2022
11-05-2022,16,1171,18736,CUST5531,Tamil Nadu,TRUE,1,05-05-2022,18-05-2022
24-05-2023,20,1097,21940,CUST1183,Tamil Nadu,,4,23-05-2023,25-05-2023
30-01-2023,15,1482,22230,CUST3022,Tamil Nadu,TRUE,9,25-01-2023,04-02-2023
01-11-2022,18,600,10800,CUST8159,Punjab,,9,28-10-2022,04-11-2022
03-09-2023,10,431,4310,CUST1880,Rajasthan,FALSE,4,31-08-2023,10-09-2023
20-05-2023,14,619,8666,CUST9452,Punjab,FALSE,7,17-05-2023,22-05-2023
21-06-2022,18,1879,33822,CUST5281,Rajasthan,,5,17-06-2022,23-06-2022
09-07-2022,19,759,14421,CUST8971,Tamil Nadu,,9,09-07-2022,15-07-2022
28-08-2023,16,1180,18880,CUST7208,Punjab,FALSE,3,18-08-2023,02-09-2023
08-12-2022,6,124,744,CUST8399,Gujarat,,6,28-11-2022,11-12-2022
28-08-2022,11,207,2277,CUST7013,Gujarat,FALSE,9,26-08-2022,04-09-2022
02-11-2023,2,1907,3814,CUST8541,Delhi,FALSE,7,26-10-2023,04-11-2023
02-01-2023,19,141,2679,CUST2349,Delhi,FALSE,10,30-12-2022,07-01-2023
11-04-2023,4,1211,4844,CUST7872,Rajasthan,,3,06-04-2023,16-04-2023
11-11-2023,4,1729,6916,CUST8875,Kerala,FALSE,,03-11-2023,13-11-2023
08-10-2023,19,1236,23484,CUST3859,Tamil Nadu,FALSE,6,01-10-2023,15-10-2023
05-10-2023,13,390,5070,CUST1627,Tamil Nadu,,5,28-09-2023,10-10-2023
16-10-2023,9,1383,12447,CUST8766,Tamil Nadu,TRUE,7,11-10-2023,17-10-2023
11-03-2023,4,1208,4832,CUST1938,Karnataka,FALSE,1,04-03-2023,18-03-2023
24-08-2023,8,728,5824,CUST6755,Tamil Nadu,TRUE,3,16-08-2023,31-08-2023
01-09-2022,4,1878,7512,CUST5578,Kerala,TRUE,4,01-09-2022,08-09-2022
28-05-2022,4,1263,5052,CUST3619,Rajasthan,,8,22-05-2022,31-05-2022
06-06-2022,4,894,3576,CUST9861,Gujarat,,9,03-06-2022,10-06-2022
01-07-2022,18,415,7470,CUST6825,Rajasthan,FALSE,7,24-06-2022,06-07-2022
11-12-2022,20,1749,34980,CUST5757,Punjab,TRUE,8,07-12-2022,18-12-2022
25-03-2022,14,765,10710,CUST9223,Punjab,,,19-03-2022,31-03-2022
20-01-2023,9,969,8721,CUST2567,Delhi,,6,10-01-2023,22-01-2023
02-08-2022,9,117,1053,CUST8587,Delhi,,3,26-07-2022,03-08-2022
11-08-2022,16,1457,23312,CUST7908,Gujarat,,10,07-08-2022,12-08-2022
31-07-2023,1,133,133,CUST2522,Gujarat,FALSE,7,25-07-2023,03-08-2023
21-09-2023,5,1718,8590,CUST4961,Delhi,FALSE,3,20-09-2023,26-09-2023
02-12-2022,1,737,737,CUST4970,Tamil Nadu,TRUE,3,25-11-2022,09-12-2022
12-06-2023,15,426,6390,CUST9451,Karnataka,FALSE,5,09-06-2023,16-06-2023
01-02-2023,5,741,3705,CUST6687,Karnataka,FALSE,8,01-02-2023,03-02-2023
20-05-2023,13,619,8047,CUST4674,Maharashtra,,7,17-05-2023,26-05-2023
16-03-2023,17,1924,32708,CUST3356,Karnataka,FALSE,10,06-03-2023,20-03-2023
29-07-2022,17,1686,28662,CUST9536,Tamil Nadu,TRUE,7,22-07-2022,01-08-2022
08-02-2023,14,243,3402,CUST6328,Rajasthan,,2,06-02-2023,14-02-2023
22-01-2022,18,281,5058,CUST8553,Punjab,,5,20-01-2022,28-01-2022
04-03-2023,14,1115,15610,CUST6274,Maharashtra,TRUE,2,24-02-2023,07-03-2023
10-03-2023,15,1419,21285,CUST2215,Rajasthan,FALSE,1,03-03-2023,11-03-2023
23-08-2022,7,494,3458,CUST4260,Tamil Nadu,FALSE,9,20-08-2022,28-08-2022
18-11-2023,19,1749,33231,CUST6003,Punjab,FALSE,6,10-11-2023,19-11-2023
09-04-2023,16,1165,18640,CUST3729,Karnataka,TRUE,9,02-04-2023,15-04-2023
16-04-2022,16,1284,20544,CUST5785,Maharashtra,,9,12-04-2022,21-04-2022
15-10-2023,19,1453,27607,CUST4889,Punjab,TRUE,4,11-10-2023,17-10-2023
20-05-2023,6,1867,11202,CUST9818,Karnataka,TRUE,8,16-05-2023,22-05-2023
07-06-2022,19,1987,37753,CUST3522,Gujarat,,,03-06-2022,13-06-2022
19-01-2022,17,915,15555,CUST7480,Punjab,FALSE,4,15-01-2022,20-01-2022
24-11-2023,17,752,12784,CUST6344,Maharashtra,TRUE,7,19-11-2023,26-11-2023
24-10-2022,6,1301,7806,CUST8228,Punjab,TRUE,3,20-10-2022,28-10-2022
26-08-2022,16,439,7024,CUST6994,Gujarat,FALSE,10,24-08-2022,02-09-2022
23-03-2023,14,1909,26726,CUST5976,Rajasthan,FALSE,10,14-03-2023,29-03-2023
11-10-2023,2,401,802,CUST9712,Punjab,TRUE,,01-10-2023,18-10-2023
08-11-2023,17,1691,28747,CUST3194,Karnataka,,,04-11-2023,09-11-2023
31-03-2022,12,753,9036,CUST5235,Gujarat,TRUE,2,26-03-2022,07-04-2022
07-01-2022,18,638,11484,CUST1204,Rajasthan,,4,05-01-2022,13-01-2022
28-10-2023,5,143,715,CUST6744,Karnataka,,1,26-10-2023,30-10-2023
29-01-2023,5,1715,8575,CUST2418,Tamil Nadu,TRUE,1,25-01-2023,31-01-2023
13-05-2023,15,1120,16800,CUST8747,Maharashtra,TRUE,5,13-05-2023,19-05-2023
28-01-2023,8,372,2976,CUST6091,Tamil Nadu,FALSE,,25-01-2023,04-02-2023
01-10-2022,7,920,6440,CUST5501,Gujarat,FALSE,2,23-09-2022,06-10-2022
06-04-2023,2,394,788,CUST9596,Kerala,,,02-04-2023,07-04-2023
14-07-2022,6,277,1662,CUST4681,Rajasthan,FALSE,7,14-07-2022,20-07-2022
23-06-2023,4,815,3260,CUST9341,Tamil Nadu,,2,21-06-2023,29-06-2023
18-02-2023,17,272,4624,CUST3390,Delhi,TRUE,9,14-02-2023,23-02-2023
23-01-2022,11,1461,16071,CUST3876,Karnataka,TRUE,,22-01-2022,26-01-2022
24-06-2022,7,1544,10808,CUST1163,Kerala,TRUE,8,21-06-2022,01-07-2022
15-07-2022,12,955,11460,CUST3657,Rajasthan,FALSE,6,14-07-2022,17-07-2022
17-05-2022,9,470,4230,CUST6077,Rajasthan,FALSE,9,12-05-2022,18-05-2022
20-04-2023,17,523,8891,CUST9309,Tamil Nadu,TRUE,,20-04-2023,21-04-2023
26-09-2023,4,664,2656,CUST6147,Rajasthan,TRUE,10,24-09-2023,02-10-2023
15-03-2023,10,1678,16780,CUST7358,Maharashtra,TRUE,,05-03-2023,20-03-2023
20-03-2023,15,1172,17580,CUST4668,Delhi,TRUE,5,11-03-2023,27-03-2023
21-08-2022,4,625,2500,CUST2230,Gujarat,FALSE,6,12-08-2022,27-08-2022
07-08-2022,12,767,9204,CUST2395,Punjab,TRUE,3,02-08-2022,12-08-2022
28-11-2023,13,1558,20254,CUST3286,Karnataka,FALSE,9,22-11-2023,04-12-2023
15-12-2022,19,1970,37430,CUST4047,Tamil Nadu,TRUE,2,14-12-2022,21-12-2022
13-01-2022,9,814,7326,CUST1409,Gujarat,FALSE,7,13-01-2022,15-01-2022
09-10-2022,5,910,4550,CUST1323,Maharashtra,,4,29-09-2022,10-10-2022
11-09-2023,6,1189,7134,CUST8856,Tamil Nadu,FALSE,2,08-09-2023,13-09-2023
30-12-2022,3,1873,5619,CUST8964,Kerala,TRUE,8,20-12-2022,03-01-2023
29-04-2022,19,1507,28633,CUST2017,Punjab,TRUE,3,19-04-2022,06-05-2022
19-02-2023,18,356,6408,CUST2085,Gujarat,FALSE,,13-02-2023,24-02-2023
29-05-2023,6,1577,9462,CUST3333,Delhi,TRUE,5,27-05-2023,02-06-2023
06-04-2022,9,236,2124,CUST6092,Rajasthan,,6,05-04-2022,08-04-2022
03-08-2022,11,1055,11605,CUST5272,Kerala,TRUE,1,29-07-2022,08-08-2022
25-06-2023,8,678,5424,CUST6291,Karnataka,TRUE,4,21-06-2023,01-07-2023
24-02-2023,2,1220,2440,CUST8887,Punjab,TRUE,3,19-02-2023,27-02-2023
04-09-2023,7,1654,11578,CUST5083,Delhi,,9,27-08-2023,08-09-2023
23-05-2023,4,725,2900,CUST2153,Delhi,TRUE,10,17-05-2023,28-05-2023
05-06-2022,10,642,6420,CUST1670,Punjab,,10,03-06-2022,06-06-2022
06-03-2022,18,757,13626,CUST3355,Maharashtra,FALSE,4,02-03-2022,09-03-2022
17-01-2022,19,1548,29412,CUST1195,Maharashtra,FALSE,10,10-01-2022,22-01-2022
11-01-2022,15,1202,18030,CUST7501,Punjab,TRUE,1,08-01-2022,15-01-2022
27-07-2022,4,1350,5400,CUST5202,Kerala,,3,21-07-2022,01-08-2022
21-01-2022,4,1341,5364,CUST9121,Karnataka,TRUE,8,17-01-2022,23-01-2022
24-09-2022,7,457,3199,CUST1208,Tamil Nadu,FALSE,2,22-09-2022,27-09-2022
20-06-2023,8,582,4656,CUST9151,Rajasthan,TRUE,5,17-06-2023,27-06-2023
08-09-2023,13,1342,17446,CUST2020,Maharashtra,FALSE,,05-09-2023,14-09-2023
08-02-2023,1,648,648,CUST7717,Delhi,FALSE,,31-01-2023,15-02-2023
07-12-2022,2,319,638,CUST1074,Kerala,,,27-11-2022,12-12-2022
27-04-2022,17,146,2482,CUST3541,Karnataka,FALSE,4,23-04-2022,28-04-2022
01-11-2023,13,139,1807,CUST5830,Delhi,TRUE,8,22-10-2023,06-11-2023
24-11-2022,10,560,5600,CUST9916,Gujarat,FALSE,5,20-11-2022,25-11-2022
07-11-2022,4,1483,5932,CUST2125,Rajasthan,FALSE,10,31-10-2022,08-11-2022
15-10-2022,20,1782,35640,CUST6100,Karnataka,,6,12-10-2022,17-10-2022
09-10-2023,7,1942,13594,CUST3215,Maharashtra,TRUE,7,09-10-2023,14-10-2023
20-09-2022,7,1449,10143,CUST3603,Kerala,,2,20-09-2022,24-09-2022
14-05-2023,19,802,15238,CUST5017,Maharashtra,,7,05-05-2023,19-05-2023
31-10-2023,20,1534,30680,CUST6439,Maharashtra,,4,30-10-2023,04-11-2023
23-01-2023,3,873,2619,CUST7266,Punjab,TRUE,1,19-01-2023,27-01-2023
30-12-2022,4,712,2848,CUST9712,Karnataka,FALSE,5,29-12-2022,04-01-2023
22-06-2022,1,1312,1312,CUST6875,Kerala,FALSE,2,17-06-2022,27-06-2022
24-05-2023,14,958,13412,CUST1771,Punjab,FALSE,5,21-05-2023,30-05-2023
28-01-2023,9,1615,14535,CUST7701,Punjab,TRUE,1,28-01-2023,04-02-2023
26-11-2023,13,755,9815,CUST2688,Rajasthan,FALSE,8,21-11-2023,27-11-2023
24-11-2023,3,1038,3114,CUST2964,Maharashtra,TRUE,,15-11-2023,28-11-2023
24-01-2022,1,1571,1571,CUST3133,Punjab,TRUE,8,21-01-2022,26-01-2022
28-09-2022,5,1028,5140,CUST5886,Tamil Nadu,FALSE,6,22-09-2022,29-09-2022
06-12-2022,6,457,2742,CUST5937,Maharashtra,FALSE,8,29-11-2022,13-12-2022
06-08-2022,11,1793,19723,CUST2086,Maharashtra,FALSE,2,03-08-2022,13-08-2022
20-09-2023,3,1759,5277,CUST7793,Karnataka,FALSE,10,10-09-2023,25-09-2023
16-09-2023,20,1976,39520,CUST4486,Rajasthan,TRUE,1,08-09-2023,17-09-2023
13-12-2022,15,1528,22920,CUST6781,Delhi,FALSE,6,07-12-2022,16-12-2022
28-04-2022,14,1670,23380,CUST3398,Rajasthan,TRUE,3,22-04-2022,29-04-2022
24-11-2022,16,1744,27904,CUST6410,Rajasthan,FALSE,3,19-11-2022,30-11-2022
24-11-2023,2,1140,2280,CUST9614,Maharashtra,,10,19-11-2023,01-12-2023
15-02-2023,2,1864,3728,CUST3588,Rajasthan,TRUE,2,07-02-2023,20-02-2023
07-03-2023,19,1162,22078,CUST8150,Tamil Nadu,TRUE,9,27-02-2023,14-03-2023
15-03-2022,3,1332,3996,CUST1022,Karnataka,TRUE,7,14-03-2022,16-03-2022
24-10-2022,1,963,963,CUST5509,Gujarat,FALSE,10,20-10-2022,31-10-2022
18-10-2022,17,710,12070,CUST6262,Rajasthan,FALSE,1,12-10-2022,25-10-2022
08-04-2023,20,440,8800,CUST6629,Kerala,FALSE,9,01-04-2023,11-04-2023
31-03-2022,16,318,5088,CUST2996,Delhi,TRUE,9,28-03-2022,05-04-2022
11-01-2023,8,1688,13504,CUST3487,Maharashtra,FALSE,8,04-01-2023,15-01-2023
21-01-2023,8,246,1968,CUST1266,Delhi,,2,14-01-2023,23-01-2023
16-11-2023,11,1577,17347,CUST3275,Gujarat,TRUE,9,15-11-2023,19-11-2023
06-04-2023,16,1657,26512,CUST6199,Delhi,TRUE,7,03-04-2023,11-04-2023
28-04-2023,9,1531,13779,CUST8803,Gujarat,TRUE,8,20-04-2023,30-04-2023
12-11-2023,20,1023,20460,CUST5241,Karnataka,TRUE,9,11-11-2023,14-11-2023
13-07-2022,6,1516,9096,CUST8174,Tamil Nadu,TRUE,7,11-07-2022,14-07-2022
12-06-2023,18,1947,35046,CUST1343,Kerala,FALSE,6,10-06-2023,13-06-2023
25-04-2022,4,224,896,CUST2329,Punjab,FALSE,1,20-04-2022,01-05-2022
22-07-2023,14,1427,19978,CUST3636,Kerala,TRUE,3,20-07-2023,23-07-2023
26-07-2023,12,1826,21912,CUST4176,Tamil Nadu,TRUE,2,21-07-2023,29-07-2023
13-11-2022,1,1705,1705,CUST1857,Tamil Nadu,FALSE,6,10-11-2022,19-11-2022
12-09-2023,16,1458,23328,CUST7824,Kerala,TRUE,7,05-09-2023,13-09-2023
30-03-2022,4,1711,6844,CUST2024,Karnataka,,8,26-03-2022,04-04-2022
31-08-2023,8,879,7032,CUST7920,Delhi,TRUE,7,23-08-2023,02-09-2023
17-12-2022,19,360,6840,CUST7502,Kerala,FALSE,,16-12-2022,21-12-2022
30-04-2022,9,1762,15858,CUST9518,Kerala,FALSE,9,28-04-2022,03-05-2022
10-09-2022,19,465,8835,CUST9220,Rajasthan,,10,02-09-2022,14-09-2022
01-10-2022,11,527,5797,CUST6543,Rajasthan,FALSE,10,29-09-2022,07-10-2022
06-03-2022,14,1971,27594,CUST7961,Kerala,FALSE,3,02-03-2022,08-03-2022
10-03-2023,19,1939,36841,CUST8929,Kerala,,2,05-03-2023,12-03-2023
25-02-2022,6,1122,6732,CUST8537,Tamil Nadu,TRUE,4,18-02-2022,26-02-2022
23-09-2023,2,682,1364,CUST8433,Gujarat,,2,23-09-2023,24-09-2023
19-01-2022,1,1422,1422,CUST7881,Delhi,TRUE,6,19-01-2022,21-01-2022
10-08-2023,8,1324,10592,CUST2123,Maharashtra,FALSE,10,05-08-2023,13-08-2023
18-03-2023,20,1741,34820,CUST6749,Karnataka,FALSE,6,14-03-2023,20-03-2023
15-01-2023,10,479,4790,CUST6017,Punjab,FALSE,,05-01-2023,17-01-2023
12-01-2023,19,795,15105,CUST7027,Karnataka,FALSE,3,05-01-2023,13-01-2023
14-05-2023,20,1396,27920,CUST4862,Tamil Nadu,,2,11-05-2023,17-05-2023
20-04-2022,3,1778,5334,CUST2737,Delhi,FALSE,10,10-04-2022,24-04-2022
22-08-2022,13,1877,24401,CUST7264,Kerala,,5,17-08-2022,27-08-2022
16-06-2023,13,539,7007,CUST2021,Maharashtra,TRUE,9,08-06-2023,18-06-2023
15-02-2022,4,1784,7136,CUST2648,Punjab,,3,11-02-2022,16-02-2022
20-05-2022,6,711,4266,CUST9681,Delhi,,4,16-05-2022,23-05-2022
24-04-2022,10,677,6770,CUST1439,Tamil Nadu,TRUE,,20-04-2022,25-04-2022
12-08-2023,8,1360,10880,CUST4787,Punjab,TRUE,7,06-08-2023,13-08-2023
31-03-2023,19,907,17233,CUST5882,Delhi,,5,25-03-2023,04-04-2023
15-10-2023,3,611,1833,CUST7381,Delhi,FALSE,4,11-10-2023,18-10-2023
03-07-2023,8,1589,12712,CUST2064,Punjab,,7,26-06-2023,08-07-2023
26-01-2023,10,716,7160,CUST4438,Karnataka,,2,18-01-2023,31-01-2023
10-12-2022,17,921,15657,CUST9237,Rajasthan,,4,07-12-2022,14-12-2022
02-07-2022,3,1313,3939,CUST2621,Gujarat,,2,01-07-2022,04-07-2022
26-01-2023,18,1046,18828,CUST7021,Maharashtra,TRUE,3,26-01-2023,28-01-2023
26-05-2023,10,1191,11910,CUST1227,Gujarat,TRUE,6,19-05-2023,29-05-2023
26-08-2022,6,441,2646,CUST9798,Delhi,TRUE,5,17-08-2022,30-08-2022
27-01-2022,1,1939,1939,CUST4107,Maharashtra,,5,18-01-2022,01-02-2022
23-04-2023,10,486,4860,CUST4494,Rajasthan,,4,15-04-2023,29-04-2023
18-01-2023,7,735,5145,CUST6187,Maharashtra,FALSE,6,10-01-2023,20-01-2023
23-08-2022,7,756,5292,CUST9752,Rajasthan,FALSE,6,20-08-2022,30-08-2022
26-04-2023,12,1288,15456,CUST4009,Karnataka,TRUE,9,25-04-2023,01-05-2023
25-11-2022,19,988,18772,CUST7284,Rajasthan,,3,19-11-2022,26-11-2022
10-01-2022,13,1320,17160,CUST6954,Punjab,TRUE,10,05-01-2022,13-01-2022
04-04-2023,13,133,1729,CUST3704,Rajasthan,TRUE,5,29-03-2023,09-04-2023
14-07-2023,10,153,1530,CUST2884,Tamil Nadu,,1,08-07-2023,16-07-2023
14-11-2023,2,1308,2616,CUST5778,Punjab,TRUE,8,14-11-2023,15-11-2023
05-10-2022,1,260,260,CUST1965,Karnataka,TRUE,9,29-09-2022,07-10-2022
27-12-2022,20,248,4960,CUST3308,Karnataka,FALSE,7,22-12-2022,30-12-2022
06-05-2023,16,1319,21104,CUST9675,Punjab,TRUE,5,27-04-2023,12-05-2023
12-09-2023,2,212,424,CUST5564,Maharashtra,,6,06-09-2023,15-09-2023
12-03-2022,9,243,2187,CUST3471,Punjab,TRUE,,07-03-2022,16-03-2022
